#GRM188R72A104MA35,,
#In Production,,
#2026/04/03,,
#c_dcbias_capacitance,,
#capacitance  25.0degC  AC1.0Vrms,,
ESR_mOhm,10,
ESL_nH,0.3,
DC Bias[V],Capacitance[F],
0.0,1.024E-7,
0.5,1.0239191346929049E-7,
1.0,1.0231488934878643E-7,
1.5,1.021910876552545E-7,
2.0,1.0203527477916904E-7,
2.5,1.0185709798571465E-7,
3.0,1.0166266554891043E-7,
3.5,1.0145564978629545E-7,
4.0,1.0123806021556385E-7,
4.5,1.0101078715743705E-7,
5.0,1.0077398459578042E-7,
5.5,1.0052733981611248E-7,
6.0,1.0027026286917557E-7,
6.5,1.0000201899788398E-7,
7.0,9.972182033536805E-8,
7.5,9.942888843961583E-8,
8.0,9.912249591492009E-8,
8.5,9.880199303688911E-8,
9.0,9.846682364468115E-8,
9.5,9.81165333856998E-8,
10.0,9.775077255297722E-8,
10.5,9.73692951461739E-8,
11.0,9.697195534550311E-8,
11.5,9.655870226627599E-8,
12.0,9.612957362652849E-8,
12.5,9.56846887874688E-8,
13.0,9.522424149924394E-8,
13.5,9.474849259053133E-8,
14.0,9.425776277088944E-8,
14.5,9.375242566324584E-8,
15.0,9.323290114568614E-8,
15.5,9.269964905340886E-8,
16.0,9.215316327081442E-8,
16.5,9.159396622832848E-8,
17.0,9.102260380733911E-8,
17.5,9.043964064852847E-8,
18.0,8.984565585311945E-8,
18.5,8.924123906255967E-8,
19.0,8.86269868995017E-8,
19.5,8.800349975125799E-8,
20.0,8.737137887598611E-8,
20.5,8.673122381148188E-8,
21.0,8.608363006649485E-8,
21.5,8.542918707481892E-8,
22.0,8.476847639295252E-8,
22.5,8.410207012283444E-8,
23.0,8.343052954195185E-8,
23.5,8.27544039239913E-8,
24.0,8.207422953409917E-8,
24.5,8.13905287837368E-8,
25.0,8.070380953102419E-8,
25.5,8.001456451336995E-8,
26.0,7.932327090005767E-8,
26.5,7.863038995330527E-8,
27.0,7.793636678713002E-8,
27.5,7.72416302141251E-8,
28.0,7.654659267099523E-8,
28.5,7.585165021439533E-8,
29.0,7.515718257928026E-8,
29.5,7.446355329259294E-8,
30.0,7.377110983570177E-8,
30.5,7.308018384954916E-8,
31.0,7.239109137697834E-8,
31.5,7.170413313718874E-8,
32.0,7.101959482771E-8,
32.5,7.03377474497014E-8,
33.0,6.965884765276503E-8,
33.5,6.898313809581707E-8,
34.0,6.831084782089206E-8,
34.5,6.764219263705757E-8,
35.0,6.697737551189986E-8,
35.5,6.631658696829691E-8,
36.0,6.566000548443742E-8,
36.5,6.500779789526111E-8,
37.0,6.43601197936978E-8,
37.5,6.371711593026707E-8,
38.0,6.307892060976992E-8,
38.5,6.244565808395856E-8,
39.0,6.18174429392092E-8,
39.5,6.119438047835683E-8,
40.0,6.057656709596065E-8,
40.5,5.99640906463833E-8,
41.0,5.935703080415625E-8,
41.5,5.875545941619772E-8,
42.0,5.815944084552324E-8,
42.5,5.7569032306164355E-8,
43.0,5.698428418907222E-8,
43.5,5.640524037884323E-8,
44.0,5.583193856115295E-8,
44.5,5.526441052083265E-8,
45.0,5.4702682430562896E-8,
45.5,5.414677513019556E-8,
46.0,5.359670439674709E-8,
46.5,5.305248120513603E-8,
47.0,5.251411197976016E-8,
47.5,5.19815988370325E-8,
48.0,5.1454939819012644E-8,
48.5,5.09341291182871E-8,
49.0,5.041915729426453E-8,
49.5,4.991001148106604E-8,
50.0,4.940667558719609E-8,
50.5,4.8909130487190825E-8,
51.0,4.841735420544711E-8,
51.5,4.793132209243516E-8,
52.0,4.745100699350913E-8,
52.5,4.697637941052424E-8,
53.0,4.6507407656477085E-8,
53.5,4.604405800338094E-8,
54.0,4.5586294823590864E-8,
54.5,4.5134080724791036E-8,
55.0,4.468737667885437E-8,
55.5,4.424614214478379E-8,
56.0,4.381033518593963E-8,
56.5,4.337991258175693E-8,
57.0,4.295482993415073E-8,
57.5,4.253504176880454E-8,
58.0,4.212050163153327E-8,
58.5,4.1711162179907655E-8,
59.0,4.130697527032147E-8,
59.5,4.090789204068069E-8,
60.0,4.0513862988886584E-8,
60.5,4.012483804728122E-8,
61.0,3.9740766653219775E-8,
61.5,3.9361597815927104E-8,
62.0,3.89872801797935E-8,
62.5,3.861776208425828E-8,
63.0,3.8252991620425534E-8,
63.5,3.789291668455192E-8,
64.0,3.753748502854107E-8,
64.5,3.718664430757512E-8,
65.0,3.6840342125009054E-8,
65.5,3.6498526074649546E-8,
66.0,3.616114378053432E-8,
66.5,3.582814293432598E-8,
67.0,3.549947133042756E-8,
67.5,3.517507689892518E-8,
68.0,3.485490773645728E-8,
68.5,3.453891213510823E-8,
69.0,3.4227038609417704E-8,
69.5,3.391923592159607E-8,
70.0,3.361545310503061E-8,
70.5,3.3315639486165174E-8,
71.0,3.3019744704831936E-8,
71.5,3.272771873311071E-8,
72.0,3.243951189278816E-8,
72.5,3.21550748714869E-8,
73.0,3.187435873752997E-8,
73.5,3.159731495360577E-8,
74.0,3.132389538929239E-8,
74.5,3.105405233250244E-8,
75.0,3.078773849990124E-8,
75.5,3.052490704635373E-8,
76.0,3.0265511573450934E-8,
76.5,3.000950613716346E-8,
77.0,2.975684525467029E-8,
77.5,2.9507483910406406E-8,
78.0,2.9261377561371815E-8,
78.5,2.9018482141743205E-8,
79.0,2.8778754066825897E-8,
79.5,2.8542150236384396E-8,
80.0,2.8308628037385612E-8,
80.5,2.8078145346188912E-8,
81.0,2.785066053021512E-8,
81.5,2.7626132449125176E-8,
82.0,2.7404520455536525E-8,
82.5,2.7185784395306782E-8,
83.0,2.6969884607409125E-8,
83.5,2.6756781923426232E-8,
84.0,2.6546437666685285E-8,
84.5,2.633881365105823E-8,
85.0,2.613387217944739E-8,
85.5,2.5931576041978646E-8,
86.0,2.5731888513920365E-8,
86.5,2.5534773353347533E-8,
87.0,2.534019479856878E-8,
87.5,2.5148117565332085E-8,
88.0,2.4958506843827143E-8,
88.5,2.477132829549679E-8,
89.0,2.4586548049674355E-8,
89.5,2.4404132700059324E-8,
90.0,2.4224049301043965E-8,
90.5,2.4046265363904268E-8,
91.0,2.3870748852865535E-8,
91.5,2.3697468181054898E-8,
92.0,2.3526392206349793E-8,
92.5,2.3357490227133433E-8,
93.0,2.3190731977965897E-8,
93.5,2.302608762517974E-8,
94.0,2.2863527762408834E-8,
94.5,2.2703023406057578E-8,
95.0,2.2544545990718744E-8,
95.5,2.238806736454592E-8,
96.0,2.2233559784588882E-8,
96.5,2.208099591209542E-8,
97.0,2.1930348807788392E-8,
97.5,2.178159192712161E-8,
98.0,2.1634699115520363E-8,
98.5,2.1489644603611413E-8,
99.0,2.1346403002447006E-8,
99.5,2.1204949298727643E-8,
100.0,2.106525885002646E-8,
