#GRM31CC81E226ME11,,
#In Production,,
#2026/03/05,,
#c_dcbias_capacitance,,
#capacitance  25.0degC  AC0.5Vrms,,
ESR_mOhm,3,
ESL_nH,0.5,
DC Bias[V],Capacitance[F],
0.0,2.1097333333333332E-5,
0.125,2.1444725883368997E-5,
0.25,2.1738864108984403E-5,
0.375,2.1981587875577172E-5,
0.5,2.2175022859786974E-5,
0.625,2.232151761057611E-5,
0.75,2.242358625742905E-5,
0.875,2.2483857118665967E-5,
1.0,2.2505027255430862E-5,
1.125,2.248982285449554E-5,
1.25,2.2440965200474367E-5,
1.375,2.2361141909917728E-5,
1.5,2.225298304067911E-5,
1.625,2.211904165481812E-5,
1.75,2.196177839746668E-5,
1.875,2.1783549653371085E-5,
2.0,2.1586598853618553E-5,
2.125,2.137305052426247E-5,
2.25,2.1144906693643952E-5,
2.375,2.090404530399554E-5,
2.5,2.0652220303765774E-5,
2.625,2.0391063128706494E-5,
2.75,2.0122085311038027E-5,
2.875,1.9846681986298868E-5,
3.0,1.9566136096200457E-5,
3.125,1.92816231126101E-5,
3.25,1.8994216132500224E-5,
3.375,1.8704891216168778E-5,
3.5,1.841453286130268E-5,
3.625,1.8123939523533505E-5,
3.75,1.7833829110126776E-5,
3.875,1.754484438746317E-5,
4.0,1.7257558255198326E-5,
4.125,1.6972478850503052E-5,
4.25,1.669005445482967E-5,
4.375,1.6410678183298677E-5,
4.5,1.6134692443272438E-5,
4.625,1.5862393154044715E-5,
4.75,1.5594033724038624E-5,
4.875,1.5329828785516346E-5,
5.0,1.506995768972977E-5,
5.125,1.4814567767744002E-5,
5.25,1.456377736395556E-5,
5.375,1.431767865067268E-5,
5.5,1.407634023309892E-5,
5.625,1.3839809554737014E-5,
5.75,1.360811511361811E-5,
5.875,1.3381268499982186E-5,
6.0,1.315926626604873E-5,
6.125,1.2942091638415674E-5,
6.25,1.2729716083402598E-5,
6.375,1.2522100735359043E-5,
6.5,1.231919769759332E-5,
6.625,1.2120951225184885E-5,
6.75,1.192729879847462E-5,
6.875,1.1738172095613474E-5,
7.0,1.1553497872051594E-5,
7.125,1.1373198754393504E-5,
7.25,1.1197193955595577E-5,
7.375,1.1025399918004488E-5,
7.5,1.0857730890321279E-5,
7.625,1.06940994441323E-5,
7.75,1.0534416935258748E-5,
7.875,1.0378593914773335E-5,
8.0,1.0226540494185644E-5,
8.125,1.0078166668928076E-5,
8.25,9.933382603979309E-6,
8.375,9.792098885120045E-6,
8.5,9.654226739069023E-6,
8.625,9.519678225444518E-6,
8.75,9.38836640328154E-6,
8.875,9.26020547458195E-6,
9.0,9.135110907166405E-6,
9.125,9.012999538913124E-6,
9.25,8.893789665264479E-6,
9.375,8.777401111738065E-6,
9.5,8.663755293002137E-6,
9.625,8.552775259949958E-6,
9.75,8.444385736068816E-6,
9.875,8.3385131442792E-6,
10.0,8.23508562531749E-6,
10.125,8.13403304862492E-6,
10.25,8.035287016619866E-6,
10.375,7.938780863145314E-6,
10.5,7.844449646806018E-6,
10.625,7.75223013984173E-6,
10.75,7.662060813114829E-6,
10.875,7.5738818177384645E-6,
11.0,7.4876349638131E-6,
11.125,7.403263696695918E-6,
11.25,7.3207130711801865E-6,
11.375,7.239929723922962E-6,
11.5,7.160861844426834E-6,
11.625,7.083459144841576E-6,
11.75,7.007672828833601E-6,
11.875,6.933455559728899E-6,
12.0,6.860761428125342E-6,
12.125,6.789545919140033E-6,
12.25,6.71976587944309E-6,
12.375,6.651379484204486E-6,
12.5,6.584346204069244E-6,
12.625,6.518626772263349E-6,
12.75,6.454183151917273E-6,
12.875,6.390978503678414E-6,
13.0,6.328977153686802E-6,
13.125,6.268144561955943E-6,
13.25,6.208447291218072E-6,
13.375,6.149852976270306E-6,
13.5,6.0923302938503344E-6,
13.625,6.035848933074456E-6,
13.75,5.98037956645408E-6,
13.875,5.925893821515895E-6,
14.0,5.872364253028312E-6,
14.125,5.819764315850237E-6,
14.25,5.768068338409734E-6,
14.375,5.717251496804136E-6,
14.5,5.667289789542448E-6,
14.625,5.61816001290281E-6,
14.75,5.569839736923298E-6,
14.875,5.522307282014011E-6,
15.0,5.475541696172947E-6,
15.125,5.429522732819031E-6,
15.25,5.384230829212394E-6,
15.375,5.3396470854684966E-6,
15.5,5.295753244143548E-6,
15.625,5.252531670391166E-6,
15.75,5.209965332670831E-6,
15.875,5.16803778399593E-6,
16.0,5.126733143722128E-6,
16.125,5.086036079844398E-6,
16.25,5.045931791806994E-6,
16.375,5.006405993806978E-6,
16.5,4.96744489857549E-6,
16.625,4.9290352016356845E-6,
16.75,4.891164066013383E-6,
16.875,4.853819107395153E-6,
17.0,4.816988379720338E-6,
17.125,4.780660361196439E-6,
17.25,4.744823940720767E-6,
17.375,4.70946840470881E-6,
17.5,4.674583424306289E-6,
17.625,4.640159042979189E-6,
17.75,4.606185664472009E-6,
17.875,4.572654041126101E-6,
18.0,4.539555262537603E-6,
18.125,4.50688074456229E-6,
18.25,4.474622218641145E-6,
18.375,4.442771721446808E-6,
18.5,4.4113215848417305E-6,
18.625,4.380264426136468E-6,
18.75,4.349593138639348E-6,
18.875,4.319300882493466E-6,
19.0,4.2893810757894856E-6,
19.125,4.259827385946982E-6,
19.25,4.230633721359008E-6,
19.375,4.20179422329129E-6,
19.5,4.17330325802754E-6,
19.625,4.145155409259896E-6,
19.75,4.117345470707292E-6,
19.875,4.089868438970903E-6,
20.0,4.062719506604662E-6,
20.125,4.03589405540512E-6,
20.25,4.00938764991356E-6,
20.375,3.983196031121074E-6,
20.5,3.957315110371321E-6,
20.625,3.931740963468571E-6,
20.75,3.9064698249583166E-6,
20.875,3.88149808261285E-6,
21.0,3.856822272076588E-6,
21.125,3.832439071707401E-6,
21.25,3.808345297571091E-6,
21.375,3.7845378986168864E-6,
21.5,3.7610139520072005E-6,
21.625,3.737770658610742E-6,
21.75,3.714805338648044E-6,
21.875,3.6921154274916407E-6,
22.0,3.6696984716084846E-6,
22.125,3.6475521246526207E-6,
22.25,3.6256741436938807E-6,
22.375,3.6040623855864324E-6,
22.5,3.582714803466773E-6,
22.625,3.561629443391687E-6,
22.75,3.5408044410923642E-6,
22.875,3.5202380188627E-6,
23.0,3.4999284825634437E-6,
23.125,3.479874218748129E-6,
23.25,3.460073691904412E-6,
23.375,3.440525441808982E-6,
23.5,3.421228080990906E-6,
23.625,3.4021802923098234E-6,
23.75,3.383380826630504E-6,
23.875,3.364828500609366E-6,
24.0,3.346522194576886E-6,
24.125,3.328460850520198E-6,
24.25,3.310643470162969E-6,
24.375,3.2930691131371824E-6,
24.5,3.2757368952513345E-6,
24.625,3.258645986843074E-6,
24.75,3.241795611226304E-6,
24.875,3.225185043216923E-6,
25.0,3.2088136077523326E-6,
