#KRM31KC72A475KH01,,
#In Production,,
#2026/03/07,,
#c_dcbias_capacitance,,
#capacitance  25.0degC  AC1Vrms,,
ESR_mOhm,10,
ESL_nH,2,
DC Bias[V],Capacitance[F],
0.0,4.34915E-6,
0.5,4.346140355485316E-6,
1.0,4.338943058105623E-6,
1.5,4.327761796611463E-6,
2.0,4.312804266427789E-6,
2.5,4.294280619054591E-6,
3.0,4.272402033208282E-6,
3.5,4.247379409304669E-6,
4.0,4.219422187179512E-6,
4.5,4.188737285463397E-6,
5.0,4.155528159766541E-6,
5.5,4.119993975775746E-6,
6.0,4.082328892507341E-6,
6.5,4.042721450282041E-6,
7.0,4.001354057474817E-6,
7.5,3.958402569728758E-6,
8.0,3.914035955090674E-6,
8.5,3.8684160384112845E-6,
9.0,3.821697318339228E-6,
9.5,3.7740268503106294E-6,
10.0,3.725544189080883E-6,
10.5,3.676381384549639E-6,
11.0,3.626663024881916E-6,
11.5,3.5765063212171288E-6,
12.0,3.5260212285740238E-6,
12.5,3.475310597894534E-6,
13.0,3.4244703545161525E-6,
13.5,3.3735896987139847E-6,
14.0,3.3227513243049935E-6,
14.5,3.2720316516533575E-6,
15.0,3.221501071753697E-6,
15.5,3.171224198395207E-6,
16.0,3.1212601257220365E-6,
16.5,3.0716626888019207E-6,
17.0,3.0224807250947852E-6,
17.5,2.97375833497501E-6,
18.0,2.9255351397048533E-6,
18.5,2.8778465354820817E-6,
19.0,2.8307239423922018E-6,
19.5,2.7841950472854123E-6,
20.0,2.7382840397707457E-6,
20.5,2.693011840675836E-6,
21.0,2.6483963224608612E-6,
21.5,2.6044525212004997E-6,
22.0,2.56119283985898E-6,
22.5,2.518627242681546E-6,
23.0,2.476763440611712E-6,
23.5,2.435607067718628E-6,
24.0,2.3951618486834654E-6,
24.5,2.3554297574490213E-6,
25.0,2.316411167183455E-6,
25.5,2.2781049917480896E-6,
26.0,2.2405088188913154E-6,
26.5,2.203619035416495E-6,
27.0,2.1674309445921482E-6,
27.5,2.1319388760881086E-6,
28.0,2.0971362887325646E-6,
28.5,2.063015866392175E-6,
29.0,2.029569607281616E-6,
29.5,1.9967889070101248E-6,
30.0,1.9646646356714394E-6,
30.5,1.9331872092803167E-6,
31.0,1.902346655853805E-6,
31.5,1.8721326764290866E-6,
32.0,1.8425347013021099E-6,
32.5,1.8135419417627234E-6,
33.0,1.7851434375927856E-6,
33.5,1.75732810058394E-6,
34.0,1.730084754321545E-6,
34.5,1.7034021704708363E-6,
35.0,1.6772691017907957E-6,
35.5,1.6516743120906533E-6,
36.0,1.626606603333307E-6,
36.5,1.6020548400796344E-6,
37.0,1.578007971457317E-6,
37.5,1.554455050827892E-6,
38.0,1.531385253315943E-6,
38.5,1.5087878913549814E-6,
39.0,1.48665242839544E-6,
39.5,1.464968490911497E-6,
40.0,1.4437258788350488E-6,
40.5,1.4229145745371626E-6,
41.0,1.4025247504697006E-6,
41.5,1.382546775572556E-6,
42.0,1.3629712205450404E-6,
42.5,1.3437888620734593E-6,
43.0,1.3249906861007216E-6,
43.5,1.3065678902180169E-6,
44.0,1.288511885253121E-6,
44.5,1.2708142961247253E-6,
45.0,1.253466962027299E-6,
45.5,1.2364619360065358E-6,
46.0,1.2197914839810497E-6,
46.5,1.203448083262114E-6,
47.0,1.1874244206194148E-6,
47.5,1.171713389937324E-6,
48.0,1.1563080895029833E-6,
48.5,1.1412018189643527E-6,
49.0,1.126388075993637E-6,
49.5,1.111860552688789E-6,
50.0,1.0976131317433379E-6,
50.5,1.0836398824124995E-6,
51.0,1.0699350563013763E-6,
51.5,1.0564930829990202E-6,
52.0,1.0433085655803305E-6,
52.5,1.0303762759959447E-6,
53.0,1.01769115036871E-6,
53.5,1.0052482842137644E-6,
54.0,9.9304292759786E-7,
54.5,9.81070480252218E-7,
55.0,9.69326486651965E-7,
55.5,9.578066310740093E-7,
56.0,9.46506732644153E-7,
56.5,9.354227403831572E-7,
57.0,9.24550728260535E-7,
57.5,9.138868902639061E-7,
58.0,9.034275354908799E-7,
58.5,8.931690832695973E-7,
59.0,8.831080583133051E-7,
59.5,8.73241085913554E-7,
60.0,8.635648871759308E-7,
60.5,8.540762743015283E-7,
61.0,8.447721459167332E-7,
61.5,8.356494824533041E-7,
62.0,8.267053415800633E-7,
62.5,8.179368536870247E-7,
63.0,8.09341217422211E-7,
63.5,8.009156952808707E-7,
64.0,7.926576092463411E-7,
64.5,7.845643364813274E-7,
65.0,7.766333050678802E-7,
65.5,7.6886198979394E-7,
66.0,7.612479079839345E-7,
66.5,7.537886153704596E-7,
67.0,7.464817020037658E-7,
67.5,7.393247881953952E-7,
68.0,7.323155204920016E-7,
68.5,7.254515676750925E-7,
69.0,7.187306167821287E-7,
69.5,7.121503691442835E-7,
70.0,7.057085364357641E-7,
70.5,6.994028367296059E-7,
71.0,6.932309905545789E-7,
71.5,6.871907169478087E-7,
72.0,6.81279729497603E-7,
72.5,6.754957323709343E-7,
73.0,6.698364163200932E-7,
73.5,6.642994546630741E-7,
74.0,6.588824992323873E-7,
74.5,6.535831762870771E-7,
75.0,6.4839908238318E-7,
75.5,6.433277801979154E-7,
76.0,6.383667943034891E-7,
76.5,6.335136068867385E-7,
77.0,6.287656534114474E-7,
77.5,6.241203182208115E-7,
78.0,6.195749300782382E-7,
78.5,6.151267576456095E-7,
79.0,6.107730048989869E-7,
79.5,6.065108064829367E-7,
80.0,6.023372230059222E-7,
80.5,5.982492362804261E-7,
81.0,5.942437445132037E-7,
81.5,5.903175574526297E-7,
82.0,5.864673915020353E-7,
82.5,5.826898648100301E-7,
83.0,5.789814923509758E-7,
83.5,5.753386810113292E-7,
84.0,5.717577247002222E-7,
84.5,5.682347995054942E-7,
85.0,5.647659589197562E-7,
85.5,5.613471291640385E-7,
86.0,5.579741046406572E-7,
86.5,5.546425435505408E-7,
87.0,5.513479637143197E-7,
87.5,5.480857386411428E-7,
88.0,5.448510938935394E-7,
88.5,5.416391038015559E-7,
89.0,5.384446885845606E-7,
89.5,5.352626119442595E-7,
90.0,5.320874791980209E-7,
90.5,5.289137360270918E-7,
91.0,5.25735667920045E-7,
91.5,5.2254740039763E-7,
92.0,5.193429001107432E-7,
92.5,5.161159769091614E-7,
93.0,5.128602869840229E-7,
93.5,5.095693371924883E-7,
94.0,5.062364906777227E-7,
94.5,5.028549739022033E-7,
95.0,4.994178852157466E-7,
95.5,4.959182050831465E-7,
96.0,4.923488080982394E-7,
96.5,4.88702476912433E-7,
97.0,4.849719182053782E-7,
97.5,4.811497808238394E-7,
98.0,4.772286762110043E-7,
98.5,4.732012012432111E-7,
99.0,4.690599635831927E-7,
99.5,4.6479760964837745E-7,
100.0,4.604068552799869E-7,
