#KRM31KC8YA106KH01,,
#In Production,,
#2026/02/05,,
#c_dcbias_capacitance,,
#capacitance  25.0degC  AC1Vrms,,
ESR_mOhm,10,
ESL_nH,2,
DC Bias[V],Capacitance[F],
0.0,1.0101E-5,
0.175,1.0099651413337448E-5,
0.35,1.0089812100486148E-5,
0.5249999999999999,1.0071791733822595E-5,
0.7,1.0045913086427792E-5,
0.875,1.0012509726485936E-5,
1.0499999999999998,9.971923804299415E-6,
1.2249999999999999,9.9245039419517E-6,
1.4,9.870603233753306E-6,
1.575,9.810577363808983E-6,
1.75,9.744782845359631E-6,
1.9249999999999998,9.67357538498898E-6,
2.0999999999999996,9.597308373349694E-6,
2.275,9.516331502759617E-6,
2.4499999999999997,9.43098951084813E-6,
2.625,9.341621048394043E-6,
2.8,9.248557668587822E-6,
2.9749999999999996,9.1521229341682E-6,
3.15,9.052631638221057E-6,
3.3249999999999997,8.950389133880747E-6,
3.5,8.845690767733631E-6,
3.675,8.738821411383083E-6,
3.8499999999999996,8.63005508538647E-6,
4.0249999999999995,8.519654669609845E-6,
4.199999999999999,8.407871693956616E-6,
4.375,8.29494620340469E-6,
4.55,8.181106691324341E-6,
4.725,8.066570095138656E-6,
4.8999999999999995,7.951541848522784E-6,
5.074999999999999,7.836215984510209E-6,
5.25,7.72077528407778E-6,
5.425,7.605391465009718E-6,
5.6,7.490225406089524E-6,
5.7749999999999995,7.375427401931931E-6,
5.949999999999999,7.2611374440407555E-6,
6.125,7.1474855239583406E-6,
6.3,7.03459195465499E-6,
6.475,6.9225677065888505E-6,
6.6499999999999995,6.8115147551458914E-6,
6.824999999999999,6.7015264364431455E-6,
7.0,6.5926878087446955E-6,
7.175,6.485076016997199E-6,
7.35,6.378760658238766E-6,
7.5249999999999995,6.273804145870876E-6,
7.699999999999999,6.170262071006831E-6,
7.874999999999999,6.06818355932163E-6,
8.049999999999999,5.9676116220266174E-6,
8.225,5.868583499777909E-6,
8.399999999999999,5.7711309985001405E-6,
8.575,5.675280816266991E-6,
8.75,5.581054860527125E-6,
8.924999999999999,5.488470555099258E-6,
9.1,5.39754113648333E-6,
9.274999999999999,5.308275939146607E-6,
9.45,5.220680669544662E-6,
9.625,5.134757668728034E-6,
9.799999999999999,5.050506163466407E-6,
9.975,4.967922505894239E-6,
10.149999999999999,4.887000401745277E-6,
10.325,4.807731127298846E-6,
10.5,4.730103735209128E-6,
10.674999999999999,4.654105249429977E-6,
10.85,4.57972084948299E-6,
11.024999999999999,4.5069340443460445E-6,
11.2,4.435726836263683E-6,
11.375,4.366079874800358E-6,
11.549999999999999,4.297972601472678E-6,
11.725,4.231383385308311E-6,
11.899999999999999,4.166289649687157E-6,
12.075,4.102667990825328E-6,
12.25,4.040494288264721E-6,
12.424999999999999,3.979743807730848E-6,
12.6,3.920391296719325E-6,
12.774999999999999,3.862411073167514E-6,
12.95,3.8057771075621407E-6,
13.125,3.75046309882693E-6,
13.299999999999999,3.696442544326336E-6,
13.475,3.643688804312536E-6,
13.649999999999999,3.5921751611332557E-6,
13.825,3.541874873507791E-6,
14.0,3.492761226167998E-6,
14.174999999999999,3.4448075751499076E-6,
14.35,3.3979873890106106E-6,
14.524999999999999,3.3522742862335657E-6,
14.7,3.307642069074274E-6,
14.874999999999998,3.2640647540867985E-6,
15.049999999999999,3.22151659956051E-6,
15.225,3.1799721300852475E-6,
15.399999999999999,3.139406158452249E-6,
15.575,3.0997938050875072E-6,
15.749999999999998,3.0611105152038693E-6,
15.924999999999999,3.0233320738480186E-6,
16.099999999999998,2.986434619008665E-6,
16.275,2.9503946529428555E-6,
16.45,2.9151890518680985E-6,
16.625,2.8807950741591983E-6,
16.799999999999997,2.8471903671802155E-6,
16.974999999999998,2.8143529728738536E-6,
17.15,2.7822613322228196E-6,
17.325,2.750894288690128E-6,
17.5,2.720231090738438E-6,
17.674999999999997,2.6902513935215013E-6,
17.849999999999998,2.6609352598344946E-6,
18.025,2.6322631604038013E-6,
18.2,2.6042159735909755E-6,
18.375,2.576774984580111E-6,
18.549999999999997,2.549921884112517E-6,
18.724999999999998,2.523638766827665E-6,
18.9,2.4979081292646537E-6,
19.075,2.4727128675738918E-6,
19.25,2.4480362749845955E-6,
19.424999999999997,2.4238620390695967E-6,
19.599999999999998,2.400174238845214E-6,
19.775,2.3769573417404406E-6,
19.95,2.354196200466225E-6,
20.125,2.3318760498125777E-6,
20.299999999999997,2.309982503398174E-6,
20.474999999999998,2.2885015503943803E-6,
20.65,2.267419552242926E-6,
20.825,2.246723239384063E-6,
21.0,2.2263997080096343E-6,
21.174999999999997,2.2064364168533663E-6,
21.349999999999998,2.186821184028708E-6,
21.525,2.167542183922462E-6,
21.7,2.1485879441509688E-6,
21.875,2.1299473425836948E-6,
22.049999999999997,2.111609604437719E-6,
22.224999999999998,2.093564299445164E-6,
22.4,2.075801339094333E-6,
22.575,2.058310973944104E-6,
22.75,2.0410837910100848E-6,
22.924999999999997,2.0241107112201145E-6,
23.099999999999998,2.0073829869356863E-6,
23.275,1.9908921995353096E-6,
23.45,1.974630257054873E-6,
23.625,1.958589391879803E-6,
23.799999999999997,1.9427621584830803E-6,
23.974999999999998,1.9271414312029463E-6,
24.15,1.91172040205369E-6,
24.325,1.8964925785628286E-6,
24.5,1.8814517816278098E-6,
24.674999999999997,1.866592143385223E-6,
24.849999999999998,1.8519081050857274E-6,
25.025,1.8373944149680386E-6,
25.2,1.8230461261251489E-6,
25.375,1.8088585943568998E-6,
25.549999999999997,1.7948274760027314E-6,
25.724999999999998,1.7809487257494162E-6,
25.9,1.7672185944086243E-6,
26.075,1.7536336266603221E-6,
26.25,1.7401906587580855E-6,
26.424999999999997,1.726886816193655E-6,
26.599999999999998,1.7137195113185432E-6,
26.775,1.7006864409215249E-6,
26.95,1.6877855837618048E-6,
27.125,1.6750151980586042E-6,
27.299999999999997,1.6623738189389401E-6,
27.474999999999998,1.6498602558466704E-6,
27.65,1.6374735899168594E-6,
27.825,1.625213171320869E-6,
28.0,1.6130786165888736E-6,
28.174999999999997,1.601069805917805E-6,
28.349999999999998,1.589186880474121E-6,
28.525,1.57743023970229E-6,
28.7,1.565800538651248E-6,
28.874999999999996,1.5542986853327383E-6,
29.049999999999997,1.54292583812695E-6,
29.224999999999998,1.5316834032525834E-6,
29.4,1.520573032319785E-6,
29.575,1.5095966199867185E-6,
29.749999999999996,1.4987563017416527E-6,
29.924999999999997,1.4880544518346587E-6,
30.099999999999998,1.4774936813846655E-6,
30.275,1.4670768366896158E-6,
30.45,1.4568069977693554E-6,
30.624999999999996,1.4466874771730713E-6,
30.799999999999997,1.4367218190848644E-6,
30.974999999999998,1.4269137987637816E-6,
31.15,1.417267422356276E-6,
31.325,1.4077869271218792E-6,
31.499999999999996,1.3984767821154054E-6,
31.674999999999997,1.3893416893711416E-6,
31.849999999999998,1.3803865856379637E-6,
32.025,1.3716166447167226E-6,
32.199999999999996,1.3630372804546217E-6,
32.375,1.3546541504548409E-6,
32.55,1.346473160562755E-6,
32.725,1.3385004701948347E-6,
32.9,1.3307424985797284E-6,
33.074999999999996,1.3232059319859492E-6,
33.25,1.3158977320159174E-6,
33.425,1.308825145050804E-6,
33.599999999999994,1.3019957129374062E-6,
33.775,1.295417285013957E-6,
33.949999999999996,1.2890980315799648E-6,
34.125,1.2830464589218702E-6,
34.3,1.27727142601615E-6,
34.474999999999994,1.2717821630403338E-6,
34.65,1.2665882918332107E-6,
34.824999999999996,1.2616998484575193E-6,
35.0,1.2571273080308353E-6,
