#KRM31KD71H106KH01,,
#In Production,,
#2026/02/05,,
#c_dcbias_capacitance,,
#capacitance  25.0degC  AC1Vrms,,
ESR_mOhm,10,
ESL_nH,2,
DC Bias[V],Capacitance[F],
0.0,9.125303333333332E-6,
0.25,9.129340799549927E-6,
0.5,9.127099201308286E-6,
0.75,9.118869328336227E-6,
1.0,9.104943627928774E-6,
1.25,9.085614627045624E-6,
1.5,9.061173497830752E-6,
1.75,9.031908763642317E-6,
2.0,8.998105141568011E-6,
2.25,8.960042516483361E-6,
2.5,8.917995040973574E-6,
2.75,8.872230354868173E-6,
3.0,8.82300891771603E-6,
3.25,8.770583447240622E-6,
3.5,8.715198456646445E-6,
3.75,8.657089883582118E-6,
4.0,8.596484803590024E-6,
4.25,8.533601220972954E-6,
4.5,8.468647930172427E-6,
4.75,8.40182444097038E-6,
5.0,8.33332096108465E-6,
5.25,8.263318430020301E-6,
5.5,8.191988598354626E-6,
5.75,8.119494146966507E-6,
6.0,8.045988841063877E-6,
6.25,7.971617714211181E-6,
6.5,7.896517277906707E-6,
6.75,7.82081575260386E-6,
7.0,7.744633316407198E-6,
7.25,7.668082368000844E-6,
7.5,7.591267800681465E-6,
7.75,7.514287284668764E-6,
8.0,7.437231555152035E-6,
8.25,7.36018470380111E-6,
8.5,7.283224471723283E-6,
8.75,7.206422542084403E-6,
9.0,7.129844830832293E-6,
9.25,7.053551774164074E-6,
9.5,6.9775986115664E-6,
9.75,6.902035663429267E-6,
10.0,6.826908602390816E-6,
10.25,6.752258717712964E-6,
10.5,6.678123172116337E-6,
10.75,6.604535250618945E-6,
11.0,6.531524601026861E-6,
11.25,6.45911746581762E-6,
11.5,6.387336905239209E-6,
11.75,6.3162030115197705E-6,
12.0,6.2457331141466585E-6,
12.25,6.1759419762285314E-6,
12.5,6.106841982002032E-6,
12.75,6.0384433155852855E-6,
13.0,5.970754131115301E-6,
13.25,5.903780714435287E-6,
13.5,5.837527636522083E-6,
13.75,5.771997898863361E-6,
14.0,5.7071930710099324E-6,
14.25,5.6431134205403666E-6,
14.5,5.579758035684138E-6,
14.75,5.5171249408555375E-6,
15.0,5.455211205354369E-6,
15.25,5.394013045491076E-6,
15.5,5.333525920393825E-6,
15.75,5.273744621753422E-6,
16.0,5.214663357758949E-6,
16.25,5.156275831473054E-6,
16.5,5.0985753138909096E-6,
16.75,5.041554711921263E-6,
17.0,4.985206631521782E-6,
17.25,4.929523436214426E-6,
17.5,4.874497301199544E-6,
17.75,4.8201202632803655E-6,
18.0,4.766384266802341E-6,
18.25,4.713281205804398E-6,
18.5,4.660802962572037E-6,
18.75,4.60894144277496E-6,
19.0,4.557688607364821E-6,
19.25,4.507036501401818E-6,
19.5,4.4569772799720365E-6,
19.75,4.407503231351043E-6,
20.0,4.358606797562775E-6,
20.25,4.3102805924767524E-6,
20.5,4.2625174175808616E-6,
20.75,4.215310275561229E-6,
21.0,4.168652381815445E-6,
21.25,4.122537174020256E-6,
21.5,4.076958319869974E-6,
21.75,4.0319097230971234E-6,
22.0,3.987385527882518E-6,
22.25,3.9433801217576265E-6,
22.5,3.899888137098086E-6,
22.75,3.856904451303372E-6,
23.0,3.814424185753926E-6,
23.25,3.7724427036334317E-6,
23.5,3.730955606700711E-6,
23.75,3.6899587310922636E-6,
24.0,3.6494481422333416E-6,
24.25,3.6094201289325183E-6,
24.5,3.5698711967316396E-6,
24.75,3.530798060580111E-6,
25.0,3.492197636899777E-6,
25.25,3.4540670351038234E-6,
25.5,3.416403548630349E-6,
25.75,3.3792046455487084E-6,
26.0,3.3424679587939026E-6,
26.25,3.3061912760818267E-6,
26.5,3.2703725295554887E-6,
26.75,3.2350097852096967E-6,
27.0,3.2001012321391653E-6,
27.25,3.1656451716524223E-6,
27.5,3.1316400062912534E-6,
27.75,3.098084228792899E-6,
28.0,3.0649764110295995E-6,
28.25,3.032315192957586E-6,
28.5,3.0000992716049436E-6,
28.75,2.9683273901252817E-6,
29.0,2.9369983269415657E-6,
29.25,2.906110885001905E-6,
29.5,2.8756638811665847E-6,
29.75,2.8456561357431227E-6,
30.0,2.8160864621835163E-6,
30.25,2.786953656955615E-6,
30.5,2.7582564895978663E-6,
30.75,2.7299936929643975E-6,
31.0,2.7021639536651328E-6,
31.25,2.674765902703037E-6,
31.5,2.6477981063087E-6,
31.75,2.621259056969982E-6,
32.0,2.59514716465234E-6,
32.25,2.5694607482036365E-6,
32.5,2.544198026934766E-6,
32.75,2.519357112366135E-6,
33.0,2.4949360001275583E-6,
33.25,2.4709325619979477E-6,
33.5,2.4473445380692177E-6,
33.75,2.4241695290174492E-6,
34.0,2.4014049884628267E-6,
34.25,2.379048215398792E-6,
34.5,2.3570963466693936E-6,
34.75,2.335546349473031E-6,
35.0,2.314395013869863E-6,
35.25,2.293638945269223E-6,
35.5,2.27327455687313E-6,
35.75,2.2532980620512214E-6,
36.0,2.233705466622548E-6,
36.25,2.2144925610193837E-6,
36.5,2.195654912308413E-6,
36.75,2.17718785604518E-6,
37.0,2.1590864879380644E-6,
37.25,2.1413456552992037E-6,
37.5,2.1239599482604257E-6,
37.75,2.1069236907342343E-6,
38.0,2.090230931101093E-6,
38.25,2.0738754326066005E-6,
38.5,2.0578506634541254E-6,
38.75,2.042149786581774E-6,
39.0,2.0267656491150567E-6,
39.25,2.0116907714906267E-6,
39.5,1.9969173362501514E-6,
39.75,1.9824371765082228E-6,
40.0,1.9682417641027078E-6,
40.25,1.9543221974419572E-6,
40.5,1.940669189069294E-6,
40.75,1.927273052971814E-6,
41.0,1.9141236916680533E-6,
41.25,1.9012105831174429E-6,
41.5,1.888522767502835E-6,
41.75,1.8760488339476142E-6,
42.0,1.863776907238675E-6,
42.25,1.85169463463865E-6,
42.5,1.839789172881904E-6,
42.75,1.8280471754628783E-6,
43.0,1.8164547803383767E-6,
43.25,1.8049975981808452E-6,
43.5,1.7936607013349744E-6,
43.75,1.7824286136470275E-6,
44.0,1.7712853013531018E-6,
44.25,1.7602141652315455E-6,
44.5,1.7491980342432215E-6,
44.75,1.7382191609031827E-6,
45.0,1.7272592186475508E-6,
45.25,1.7162993014800827E-6,
45.5,1.7053199262035165E-6,
45.75,1.694301037561893E-6,
46.0,1.6832220166406403E-6,
46.25,1.672061692891335E-6,
46.5,1.6607983601671522E-6,
46.75,1.6494097971733113E-6,
47.0,1.6378732927530323E-6,
47.25,1.626165676443417E-6,
47.5,1.6142633547474238E-6,
47.75,1.602142353576026E-6,
48.0,1.5897783673181447E-6,
48.25,1.5771468149957678E-6,
48.5,1.5642229039548881E-6,
48.75,1.5509817015295447E-6,
49.0,1.5373982150970393E-6,
49.25,1.523447480912553E-6,
49.5,1.5091046620743162E-6,
49.75,1.494345155922135E-6,
50.0,1.4791447111119384E-6,
