#ZRB18AR6YA475ME05,,
#In Production,,
#2026/03/11,,
#c_dcbias_capacitance,,
#capacitance  25.0degC  AC1Vrms,,
ESR_mOhm,6,
ESL_nH,0.5,
DC Bias[V],Capacitance[F],
0.0,4.905599999999999E-6,
0.175,4.914020168197824E-6,
0.35,4.910129843654564E-6,
0.5249999999999999,4.894661499933956E-6,
0.7,4.8684001232296005E-6,
0.875,4.832167369699669E-6,
1.0499999999999998,4.786806970420367E-6,
1.2249999999999999,4.733171532578374E-6,
1.4,4.672110825405731E-6,
1.575,4.604461586876106E-6,
1.75,4.531038842762242E-6,
1.9249999999999998,4.452628693319631E-6,
2.0999999999999996,4.369982494304916E-6,
2.275,4.2838123377140985E-6,
2.4499999999999997,4.19478772282731E-6,
2.625,4.103533299070197E-6,
2.8,4.010627558002758E-6,
2.9749999999999996,3.9166023515840306E-6,
3.15,3.8219431169316455E-6,
3.3249999999999997,3.7270896933553338E-6,
3.5,3.6324376248250506E-6,
3.675,3.5383398496533175E-6,
3.8499999999999996,3.4451086885299513E-6,
4.0249999999999995,3.353018051732601E-6,
4.199999999999999,3.262305796015735E-6,
4.375,3.1731761710944057E-6,
4.55,3.085802304593148E-6,
4.725,3.000328682687301E-6,
4.8999999999999995,2.9168735913345386E-6,
5.074999999999999,2.835531489928777E-6,
5.25,2.7563752953893987E-6,
5.425,2.679458560133326E-6,
5.6,2.6048175320922386E-6,
5.7749999999999995,2.5324730889723355E-6,
5.949999999999999,2.4624325423584944E-6,
6.125,2.3946913100935757E-6,
6.3,2.329234457673996E-6,
6.475,2.2660381112527142E-6,
6.6499999999999995,2.2050707462864435E-6,
6.824999999999999,2.1462943569592237E-6,
7.0,2.0896655123095278E-6,
7.175,2.035136305529103E-6,
7.35,1.9826552032305767E-6,
7.5249999999999995,1.9321678016350065E-6,
7.699999999999999,1.8836174966430558E-6,
7.874999999999999,1.836946074653299E-6,
8.049999999999999,1.792094230803417E-6,
8.225,1.7490020210559335E-6,
8.399999999999999,1.7076092542479923E-6,
8.575,1.6678558298894815E-6,
8.75,1.6296820271381155E-6,
8.924999999999999,1.5930287500141096E-6,
9.1,1.5578377335490255E-6,
9.274999999999999,1.5240517151995767E-6,
9.45,1.4916145755028355E-6,
9.625,1.460471451607874E-6,
9.799999999999999,1.43056882699329E-6,
9.975,1.4018546003720532E-6,
10.149999999999999,1.3742781364957536E-6,
10.325,1.3477903013002614E-6,
10.5,1.322343483584142E-6,
10.674999999999999,1.2978916051794872E-6,
10.85,1.2743901213619421E-6,
11.024999999999999,1.2517960130514766E-6,
11.2,1.2300677721774996E-6,
11.375,1.2091653814198265E-6,
11.549999999999999,1.1890502893901584E-6,
11.725,1.1696853821859099E-6,
11.899999999999999,1.1510349521283389E-6,
12.075,1.1330646643892067E-6,
12.25,1.1157415221134258E-6,
12.424999999999999,1.099033830558523E-6,
12.6,1.0829111606943018E-6,
12.774999999999999,1.0673443126371104E-6,
12.95,1.0523052792316934E-6,
13.125,1.0377672100390576E-6,
13.299999999999999,1.0237043759405724E-6,
13.475,1.0100921345258007E-6,
13.649999999999999,9.96906896394002E-7,
13.825,9.841260924662447E-7,
14.0,9.717281423761916E-7,
14.174999999999999,9.59692423982305E-7,
14.35,9.479992440225821E-7,
14.524999999999999,9.366298099138638E-7,
14.7,9.2556620268178E-7,
14.874999999999998,9.147913509936017E-7,
15.049999999999999,9.042890062549123E-7,
15.225,8.940437187213663E-7,
15.399999999999999,8.840408145693135E-7,
15.575,8.742663738629532E-7,
15.749999999999998,8.647072093511343E-7,
15.924999999999999,8.553508460237995E-7,
16.099999999999998,8.4618550135612E-7,
16.275,8.372000661674751E-7,
16.45,8.283840860226642E-7,
16.625,8.197277431038656E-7,
16.799999999999997,8.11221838483646E-7,
16.974999999999998,8.02857774732066E-7,
17.15,7.946275387942722E-7,
17.325,7.865236850786113E-7,
17.5,7.785393186999505E-7,
17.674999999999997,7.706680788274507E-7,
17.849999999999998,7.629041220911932E-7,
18.025,7.552421060075665E-7,
18.2,7.476771723886891E-7,
18.375,7.402049307071177E-7,
18.549999999999997,7.328214413926564E-7,
18.724999999999998,7.255231990439101E-7,
18.9,7.183071155431044E-7,
19.075,7.111705030678876E-7,
19.25,7.041110569997052E-7,
19.424999999999997,6.971268387331061E-7,
19.599999999999998,6.902162583953398E-7,
19.775,6.833780574902061E-7,
19.95,6.766112914840728E-7,
20.125,6.699153123559413E-7,
20.299999999999997,6.63289751136435E-7,
20.474999999999998,6.567345004636328E-7,
20.65,6.502496971858959E-7,
20.825,6.438357050434914E-7,
21.0,6.374930974623415E-7,
21.174999999999997,6.312226404937158E-7,
21.349999999999998,6.250252759341803E-7,
21.525,6.189021046594708E-7,
21.7,6.128543702056085E-7,
21.875,6.068834426288285E-7,
22.049999999999997,6.009908026745631E-7,
22.224999999999998,5.951780262832156E-7,
22.4,5.894467694580419E-7,
22.575,5.837987535175498E-7,
22.75,5.782357507511291E-7,
22.924999999999997,5.727595704935911E-7,
23.099999999999998,5.673720456298849E-7,
23.275,5.620750195374365E-7,
23.45,5.568703334690156E-7,
23.625,5.51759814374921E-7,
23.799999999999997,5.467452631582265E-7,
23.974999999999998,5.418284433526428E-7,
24.15,5.370110702075213E-7,
24.325,5.322948001600338E-7,
24.5,5.276812206698575E-7,
24.674999999999997,5.231718403870291E-7,
24.849999999999998,5.187680796192612E-7,
25.025,5.144712610607598E-7,
25.2,5.102826007399959E-7,
25.375,5.062031991403606E-7,
25.549999999999997,5.022340324435558E-7,
25.724999999999998,4.983759438422622E-7,
25.9,4.946296348649513E-7,
26.075,4.909956566534788E-7,
26.25,4.874744011307751E-7,
26.424999999999997,4.840660919942916E-7,
26.599999999999998,4.807707754687332E-7,
26.775,4.775883107505636E-7,
26.95,4.7451836007576347E-7,
27.125,4.715603783424556E-7,
27.299999999999997,4.687136022200617E-7,
27.474999999999998,4.6597703867824374E-7,
27.65,4.6334945287104644E-7,
27.825,4.6082935531394495E-7,
28.0,4.584149882964953E-7,
28.174999999999997,4.561043114781798E-7,
28.349999999999998,4.5389498662115566E-7,
28.525,4.5178436142282866E-7,
28.7,4.4976945241993565E-7,
28.874999999999996,4.4784692694838854E-7,
29.049999999999997,4.460130841565757E-7,
29.224999999999998,4.44263835086431E-7,
29.4,4.4259468185504597E-7,
29.575,4.4100069599198996E-7,
29.749999999999996,4.3947649601203587E-7,
29.924999999999997,4.3801622433175714E-7,
30.099999999999998,4.366135236703078E-7,
30.275,4.352615131114516E-7,
30.45,4.3395276404378463E-7,
30.624999999999996,4.3267927624145733E-7,
30.799999999999997,4.3143245439703923E-7,
30.974999999999998,4.3020308547265857E-7,
31.15,4.2898131729446114E-7,
31.325,4.2775663887916196E-7,
31.499999999999996,4.265178630498005E-7,
31.674999999999997,4.2525311196932257E-7,
31.849999999999998,4.239498062966047E-7,
32.025,4.2259465874720507E-7,
32.199999999999996,4.211736729196669E-7,
32.375,4.1967214832844704E-7,
32.55,4.1807469265940706E-7,
32.725,4.163652423380008E-7,
32.9,4.145270925642446E-7,
33.074999999999996,4.125429380229902E-7,
33.25,4.1039492551917464E-7,
33.425,4.0806471980844036E-7,
33.599999999999994,4.0553358389189407E-7,
33.775,4.0278247501244433E-7,
33.949999999999996,3.9979215752509526E-7,
34.125,3.965433337061164E-7,
34.3,3.930167934118852E-7,
34.474999999999994,3.891935832914069E-7,
34.65,3.8505519598655804E-7,
34.824999999999996,3.805837794223629E-7,
35.0,3.7576236588429533E-7,
