#ZRB21CC81H475ME01,,
#In Production,,
#2026/03/11,,
#c_dcbias_capacitance,,
#capacitance  25.0degC  AC1Vrms,,
ESR_mOhm,5,
ESL_nH,0.5,
DC Bias[V],Capacitance[F],
0.0,5.0567499999999995E-6,
0.25,5.084002625407643E-6,
0.5,5.099018197220146E-6,
0.75,5.102364560190334E-6,
1.0,5.094672113579255E-6,
1.25,5.076619905124208E-6,
1.5,5.04892249411137E-6,
1.75,5.012317755015308E-6,
2.0,4.96755574408349E-6,
2.25,4.915388706690076E-6,
2.5,4.8565622639450815E-6,
2.75,4.791807783272969E-6,
3.0,4.721835909540504E-6,
3.25,4.647331210666263E-6,
3.5,4.568947874163653E-6,
3.75,4.487306378316862E-6,
4.0,4.402991053149625E-6,
4.25,4.316548441466262E-6,
4.5,4.228486368459642E-6,
4.75,4.1392736291428244E-6,
5.0,4.049340205652165E-6,
5.25,3.959077930815855E-6,
5.5,3.868841519859446E-6,
5.75,3.778949898360098E-6,
6.0,3.689687761249631E-6,
6.25,3.601307304542383E-6,
6.5,3.514030078316323E-6,
6.75,3.428048916139664E-6,
7.0,3.3435299024857413E-6,
7.25,3.2606143456269704E-6,
7.5,3.179420728985091E-6,
7.75,3.1000466189056903E-6,
8.0,3.0225705113064637E-6,
8.25,2.947053603623367E-6,
8.5,2.8735414819616455E-6,
8.75,2.8020657163736334E-6,
9.0,2.732645359762751E-6,
9.25,2.665288348087549E-6,
9.5,2.5999928013478075E-6,
9.75,2.536748226313772E-6,
10.0,2.475536623146713E-6,
10.25,2.416333498989486E-6,
10.5,2.359108792313647E-6,
10.75,2.3038277123260022E-6,
11.0,2.2504514980912287E-6,
11.25,2.198938102244365E-6,
11.5,2.149242804270937E-6,
11.75,2.101318758343959E-6,
12.0,2.0551174806442104E-6,
12.25,2.010589280968793E-6,
12.5,1.96768364326671E-6,
12.75,1.9263495595405277E-6,
13.0,1.8865358213299567E-6,
13.25,1.8481912727545639E-6,
13.5,1.8112650288454428E-6,
13.75,1.7757066626451175E-6,
14.0,1.7414663643055605E-6,
14.25,1.7084950751693535E-6,
14.5,1.6767445995815642E-6,
14.75,1.6461676969515694E-6,
15.0,1.616718156366477E-6,
15.25,1.5883508558517768E-6,
15.5,1.5610218081810762E-6,
15.75,1.5346881949553247E-6,
16.0,1.5093083905030777E-6,
16.25,1.4848419769966147E-6,
16.5,1.4612497520340121E-6,
16.75,1.4384937298040268E-6,
17.0,1.416537136828269E-6,
17.25,1.3953444031633592E-6,
17.5,1.3748811498434674E-6,
17.75,1.35511417325082E-6,
18.0,1.3360114270171468E-6,
18.25,1.3175420019826955E-6,
18.5,1.2996761046700598E-6,
18.75,1.2823850346678045E-6,
19.0,1.2656411612625109E-6,
19.25,1.2494178996073994E-6,
19.5,1.233689686670425E-6,
19.75,1.2184319571640926E-6,
20.0,1.2036211196231626E-6,
20.25,1.1892345327642682E-6,
20.5,1.1752504822327144E-6,
20.75,1.1616481578167294E-6,
21.0,1.1484076311869604E-6,
21.25,1.1355098341997035E-6,
21.5,1.1229365377852694E-6,
21.75,1.1106703314282246E-6,
22.0,1.0986946032336673E-6,
22.25,1.0869935205629795E-6,
22.5,1.0755520112136063E-6,
22.75,1.0643557451099809E-6,
23.0,1.053391116466932E-6,
23.25,1.0426452263823085E-6,
23.5,1.0321058658122386E-6,
23.75,1.0217614988802398E-6,
24.0,1.011601246470219E-6,
24.25,1.0016148700531198E-6,
24.5,9.917927556975275E-7,
24.75,9.821258982158528E-7,
25.0,9.726058853997873E-7,
25.25,9.632248823011191E-7,
25.5,9.539756155172932E-7,
25.75,9.448513574444424E-7,
26.0,9.358459104647398E-7,
26.25,9.269535910388238E-7,
26.5,9.181692136788586E-7,
26.75,9.094880747820356E-7,
27.0,9.009059363093385E-7,
27.25,8.924190092989025E-7,
27.5,8.84023937208249E-7,
27.75,8.757177790840999E-7,
28.0,8.674979925632648E-7,
28.25,8.593624167122028E-7,
28.5,8.513092547171703E-7,
28.75,8.433370564405326E-7,
29.0,8.354447008625828E-7,
29.25,8.276313784311063E-7,
29.5,8.198965733440264E-7,
29.75,8.122400457926904E-7,
30.0,8.046618141953859E-7,
30.25,7.971621374522061E-7,
30.5,7.897414972535888E-7,
30.75,7.824005804752328E-7,
31.0,7.751402616925406E-7,
31.25,7.679615858472489E-7,
31.5,7.608657510983609E-7,
31.75,7.538540918881315E-7,
32.0,7.469280622524398E-7,
32.25,7.400892194028572E-7,
32.5,7.33339207605307E-7,
32.75,7.26679742377594E-7,
33.0,7.201125950250888E-7,
33.25,7.136395775304152E-7,
33.5,7.072625278096312E-7,
33.75,7.0098329534341E-7,
34.0,6.948037271880147E-7,
34.25,6.887256543665921E-7,
34.5,6.827508786370694E-7,
34.75,6.768811596289237E-7,
35.0,6.71118202336512E-7,
35.25,6.654636449523491E-7,
35.5,6.599190470197301E-7,
35.75,6.544858778795203E-7,
36.0,6.491655053821516E-7,
36.25,6.439591848316056E-7,
36.5,6.388680481247758E-7,
36.75,6.338930930456318E-7,
37.0,6.290351726705861E-7,
37.25,6.242949848382679E-7,
37.5,6.196730616342941E-7,
37.75,6.151697588391835E-7,
38.0,6.107852452856811E-7,
38.25,6.065194920701768E-7,
38.5,6.023722615620892E-7,
38.75,5.983430961542601E-7,
39.0,5.944313066979403E-7,
39.25,5.90635960566666E-7,
39.5,5.869558692946511E-7,
39.75,5.833895757382698E-7,
40.0,5.799353407120461E-7,
40.25,5.765911290551336E-7,
40.5,5.73354595090035E-7,
40.75,5.70223067441658E-7,
41.0,5.671935331933394E-7,
41.25,5.642626213660562E-7,
41.5,5.614265857186754E-7,
41.75,5.586812868800164E-7,
42.0,5.560221738395892E-7,
42.25,5.534442648407664E-7,
42.5,5.509421277407467E-7,
42.75,5.485098599242978E-7,
43.0,5.461410678837592E-7,
43.25,5.438288466061858E-7,
43.5,5.415657589411078E-7,
43.75,5.393438151563646E-7,
44.0,5.37154452929218E-7,
44.25,5.349885180613819E-7,
44.5,5.328362462528859E-7,
44.75,5.306872463187495E-7,
45.0,5.28530485285179E-7,
45.25,5.263542758580097E-7,
45.5,5.241462668147585E-7,
45.75,5.218934369319711E-7,
46.0,5.195820931228932E-7,
46.25,5.171978735223399E-7,
46.5,5.147257563183073E-7,
46.75,5.121500751900541E-7,
47.0,5.094545422684593E-7,
47.25,5.066222795844332E-7,
47.5,5.036358600132707E-7,
47.75,5.004773587531748E-7,
48.0,4.971284163917754E-7,
48.25,4.935703146127852E-7,
48.5,4.897840655701418E-7,
48.75,4.857505159069238E-7,
49.0,4.814504663140108E-7,
49.25,4.76864807407095E-7,
49.5,4.719746725420118E-7,
49.75,4.667616079865726E-7,
50.0,4.612077606137511E-7,
