#ZRB21CD72A225ME01,,
#In Production,,
#2026/03/11,,
#c_dcbias_capacitance,,
#capacitance  25.0degC  AC1Vrms,,
ESR_mOhm,5,
ESL_nH,0.5,
DC Bias[V],Capacitance[F],
0.0,2.26447E-6,
0.5,2.2573422892373094E-6,
1.0,2.248196123251872E-6,
1.5,2.237130508297895E-6,
2.0,2.2242465745409953E-6,
2.5,2.2096468975012815E-6,
3.0,2.1934348610740825E-6,
3.5,2.1757140641093413E-6,
4.0,2.1565877718688894E-6,
4.5,2.1361584130747293E-6,
5.0,2.114527122713257E-6,
5.5,2.0917933302710046E-6,
6.0,2.0680543926468523E-6,
6.5,2.0434052706126124E-6,
7.0,2.0179382473766486E-6,
7.5,1.991742687541137E-6,
8.0,1.9649048345298254E-6,
8.5,1.9375076443961847E-6,
9.0,1.9096306537981105E-6,
9.5,1.8813498798409653E-6,
10.0,1.8527377494418574E-6,
10.5,1.823863055850748E-6,
11.0,1.794790939974462E-6,
11.5,1.765582894184204E-6,
12.0,1.7362967863422536E-6,
12.5,1.7069869018557819E-6,
13.0,1.6777040016520536E-6,
13.5,1.6484953940668275E-6,
14.0,1.6194050187438583E-6,
14.5,1.590473540755686E-6,
15.0,1.56173845327227E-6,
15.5,1.533234187222537E-6,
16.0,1.5049922265130012E-6,
16.5,1.4770412274858066E-6,
17.0,1.4494071414146542E-6,
17.5,1.4221133389501188E-6,
18.0,1.3951807355349639E-6,
18.5,1.3686279169146266E-6,
19.0,1.3424712639675267E-6,
19.5,1.3167250761738856E-6,
20.0,1.2914016931300942E-6,
20.5,1.2665116135981585E-6,
21.0,1.242063611656379E-6,
21.5,1.2180648495881095E-6,
22.0,1.194520987210424E-6,
22.5,1.1714362874037543E-6,
23.0,1.1488137176574236E-6,
23.5,1.1266550474945345E-6,
24.0,1.1049609416832618E-6,
24.5,1.0837310491804159E-6,
25.0,1.0629640877875252E-6,
25.5,1.0426579245298719E-6,
26.0,1.0228096517952504E-6,
26.5,1.0034156592919193E-6,
27.0,9.844717019046397E-7,
27.5,9.659729635440696E-7,
28.0,9.479141170983865E-7,
28.5,9.30289380607116E-7,
29.0,9.130925697859803E-7,
29.5,8.963171470383818E-7,
30.0,8.799562670941337E-7,
30.5,8.640028194194127E-7,
31.0,8.484494675438898E-7,
31.5,8.332886854516929E-7,
32.0,8.185127911824939E-7,
32.5,8.041139777877178E-7,
33.0,7.900843417847685E-7,
33.5,7.764159092494E-7,
34.0,7.631006596830317E-7,
34.5,7.501305477880159E-7,
35.0,7.374975232797013E-7,
35.5,7.251935488596883E-7,
36.0,7.132106164700071E-7,
36.5,7.015407619431199E-7,
37.0,6.901760781577288E-7,
37.5,6.791087268053946E-7,
38.0,6.683309488680026E-7,
38.5,6.578350739011237E-7,
39.0,6.47613528213457E-7,
39.5,6.376588420276892E-7,
40.0,6.27963655703419E-7,
40.5,6.18520725098179E-7,
41.0,6.093229261381551E-7,
41.5,6.003632586658689E-7,
42.0,5.916348496279538E-7,
42.5,5.831309556621472E-7,
43.0,5.748449651387913E-7,
43.5,5.667703997084823E-7,
44.0,5.589009154039937E-7,
44.5,5.512303033412766E-7,
45.0,5.437524900611775E-7,
45.5,5.364615375504936E-7,
46.0,5.293516429781531E-7,
46.5,5.224171381796004E-7,
47.0,5.156524889199262E-7,
47.5,5.090522939638794E-7,
48.0,5.026112839786314E-7,
48.5,4.963243202930364E-7,
49.0,4.901863935351087E-7,
49.5,4.84192622167596E-7,
50.0,4.78338250939699E-7,
50.5,4.726186492713933E-7,
51.0,4.6702930958521147E-7,
51.5,4.61565845598904E-7,
52.0,4.56223990591046E-7,
52.5,4.509995956503688E-7,
53.0,4.458886279184211E-7,
53.5,4.4088716883404753E-7,
54.0,4.359914123871411E-7,
54.5,4.3119766338816385E-7,
55.0,4.2650233575903704E-7,
55.5,4.2190195085015614E-7,
56.0,4.173931357875276E-7,
56.5,4.129726218532964E-7,
57.0,4.086372429022685E-7,
57.5,4.0438393381642943E-7,
58.0,4.002097289988694E-7,
58.5,3.9611176090803753E-7,
59.0,3.920872586327425E-7,
59.5,3.8813354650788717E-7,
60.0,3.8424804277053413E-7,
60.5,3.804282582555451E-7,
61.0,3.7667179512967804E-7,
61.5,3.7297634566279473E-7,
62.0,3.6933969103452315E-7,
62.5,3.6575970017453224E-7,
63.0,3.6223432863436543E-7,
63.5,3.587616174886294E-7,
64.0,3.55339692263211E-7,
64.5,3.5196676188806423E-7,
65.0,3.4864111767208105E-7,
65.5,3.453611322974702E-7,
66.0,3.4212525883108497E-7,
66.5,3.3893202975012214E-7,
67.0,3.3578005597966607E-7,
67.5,3.326680259395989E-7,
68.0,3.29594704598495E-7,
68.5,3.265589325321942E-7,
69.0,3.2355962498493767E-7,
69.5,3.2059577093102104E-7,
70.0,3.1766643213517157E-7,
70.5,3.1477074221000784E-7,
71.0,3.1190790566917E-7,
71.5,3.0907719697493006E-7,
72.0,3.0627795957939173E-7,
72.5,3.035096049585885E-7,
73.0,3.00771611639158E-7,
73.5,2.980635242175056E-7,
74.0,2.9538495237175435E-7,
74.5,2.927355698670637E-7,
75.0,2.9011511355528125E-7,
75.5,2.875233823702331E-7,
76.0,2.849602363203524E-7,
76.5,2.8242559548070986E-7,
77.0,2.7991943898691235E-7,
77.5,2.774418040337507E-7,
78.0,2.7499278488186833E-7,
78.5,2.725725318761605E-7,
79.0,2.701812504800332E-7,
79.5,2.6781920033009873E-7,
80.0,2.6548669431629624E-7,
80.5,2.63184097692935E-7,
81.0,2.6091182722654704E-7,
81.5,2.5867035038695464E-7,
82.0,2.564601845884195E-7,
82.5,2.5428189648821123E-7,
83.0,2.521361013504658E-7,
83.5,2.50023462483681E-7,
84.0,2.4794469076075624E-7,
84.5,2.4590054423101533E-7,
85.0,2.438918278342239E-7,
85.5,2.419193932272336E-7,
86.0,2.399841387344737E-7,
86.5,2.3808700943420853E-7,
87.0,2.362289973931885E-7,
87.5,2.3441114206305457E-7,
88.0,2.326345308526849E-7,
88.5,2.309002998915601E-7,
89.0,2.2920963500013648E-7,
89.5,2.2756377288432657E-7,
90.0,2.2596400257222775E-7,
90.5,2.244116671125747E-7,
91.0,2.2290816555570128E-7,
91.5,2.2145495523935514E-7,
92.0,2.2005355440334644E-7,
92.5,2.1870554515891542E-7,
93.0,2.1741257684072886E-7,
93.5,2.1617636977175968E-7,
94.0,2.1499871947380645E-7,
94.5,2.1388150135934597E-7,
95.0,2.1282667594352968E-7,
95.5,2.1183629461872228E-7,
96.0,2.109125060380254E-7,
96.5,2.10057563158574E-7,
97.0,2.092738310004832E-7,
97.5,2.085637951828868E-7,
98.0,2.0793007130475526E-7,
98.5,2.0737541524524826E-7,
99.0,2.0690273446618033E-7,
99.5,2.0651510040815605E-7,
100.0,2.0621576208173075E-7,
